,Adaptability,Adapts Well to Apartment Living,Good For Novice Owners,Sensitivity Level,Tolerates Being Alone,Tolerates Cold Weather,Tolerates Hot Weather,All Around Friendliness,Affectionate with Family,Incredibly Kid Friendly Dogs,Dog Friendly,Friendly Toward Strangers,Health Grooming,Amount Of Shedding,Drooling Potential,Easy To Groom,General Health,Potential For Weight Gain,Size,Trainability,Easy To Train,Intelligence,Potential For Mouthiness,Prey Drive,Tendency To Bark Or Howl,Wanderlust Potential,Exercise Needs,Energy Level,Intensity,Potential For Playfulness
Afador,2,1,1,3,3,4,2,3,4,2,3,1,3,4,3,2,3,4,4,4,1,5,4,4,4,4,4,4,4,3
Affenpinscher,3,5,4,3,1,3,3,3,5,1,4,3,2,1,1,3,4,3,1,3,2,4,4,3,2,2,3,4,3,4
Afghan Hound,4,5,3,5,2,5,5,4,5,5,4,2,2,4,1,1,3,1,4,3,1,4,3,5,2,5,4,5,2,4
Airedale Terrier,2,1,2,3,2,3,3,4,4,4,4,3,3,2,1,2,3,4,3,5,4,5,5,5,4,4,5,5,3,5
Akbash,3,1,2,3,4,4,2,4,5,4,3,2,4,4,2,3,4,4,4,3,3,4,3,1,3,1,2,2,2,3
Akita,3,2,2,5,1,5,2,2,5,1,1,2,4,5,5,1,4,4,4,4,2,3,3,4,5,4,4,4,3,5
Alaskan Klee Kai,3,3,2,4,2,5,2,3,4,3,2,2,3,4,2,4,4,2,2,4,4,4,2,5,3,4,4,4,2,4
Alaskan Malamute,2,1,1,4,1,5,2,4,4,3,2,5,3,5,1,1,4,3,4,4,4,4,3,4,5,5,5,5,5,5
American Bulldog,2,1,1,4,1,2,2,3,5,4,2,2,3,1,4,4,3,2,4,3,4,3,2,4,2,3,4,4,4,4
American English Coonhound,3,1,2,5,2,4,4,5,5,5,4,5,3,3,1,5,4,3,3,5,5,4,3,5,5,5,5,5,5,5
American Eskimo Dog,4,5,4,4,2,5,3,5,5,5,5,4,3,5,1,3,5,4,2,4,5,4,3,3,4,3,4,5,3,5
American Foxhound,2,1,2,2,1,4,4,5,4,5,5,4,4,3,1,5,5,5,3,4,2,3,3,4,5,5,5,5,4,5
American Leopard Hound,3,2,4,3,3,4,4,4,5,4,4,3,3,2,2,4,4,2,4,4,4,4,3,4,4,4,4,4,3,4
American Pit Bull Terrier,3,3,2,4,1,2,3,4,5,5,1,5,3,4,1,5,4,3,3,4,4,4,5,3,3,4,4,4,5,5
American Pugabull,3,3,3,4,1,2,3,4,5,4,3,3,3,3,3,4,2,3,3,3,3,3,2,4,4,2,3,4,4,5
American Staffordshire Terrier,2,2,2,3,2,2,3,4,4,4,2,4,3,2,3,4,3,2,3,4,4,4,5,3,4,3,3,3,5,4
American Water Spaniel,3,2,2,5,1,2,4,4,5,5,2,3,3,3,1,3,3,3,3,4,4,3,5,2,3,5,5,5,2,5
Anatolian Shepherd Dog,3,1,2,4,3,5,3,2,3,2,2,1,3,2,3,4,3,3,5,3,4,4,2,2,2,4,3,3,3,3
Appenzeller Sennenhunde,3,1,3,3,1,5,4,4,5,5,3,2,3,3,1,5,4,3,3,4,4,4,5,3,5,3,5,4,4,4
Auggie,3,2,3,4,3,4,3,5,5,5,5,4,3,4,1,2,3,4,3,4,5,5,3,3,4,3,5,5,4,5
Aussiedoodle,3,2,3,3,2,3,3,4,5,4,4,4,4,3,4,3,4,4,3,4,5,5,3,3,2,3,5,5,4,5
Aussiepom,3,3,2,3,2,3,3,4,4,3,4,4,3,3,2,2,4,4,3,3,4,4,4,2,3,2,4,5,3,5
Australian Cattle Dog,3,2,1,4,3,4,4,4,5,3,4,2,3,3,1,4,5,4,3,4,5,5,5,4,2,4,5,5,5,5
Australian Kelpie,3,2,2,4,2,3,5,3,4,2,3,2,3,3,1,4,3,2,3,5,5,5,5,4,4,4,5,5,3,4
Australian Retriever,3,1,4,3,2,4,4,4,4,4,3,3,3,3,2,3,4,4,4,3,4,4,2,3,2,4,5,5,3,4
Australian Shepherd,3,1,2,5,2,4,4,4,5,4,5,3,2,3,1,1,2,4,3,5,5,5,4,4,4,5,5,5,4,5
Australian Shepherd Husky,3,1,2,4,1,5,4,3,5,3,2,2,3,4,2,3,3,4,4,4,4,5,3,4,5,5,5,5,5,5
Australian Shepherd Lab Mix,4,2,2,5,4,5,4,4,4,4,4,4,4,4,2,4,4,3,4,4,5,5,4,3,3,5,5,5,5,5
Australian Terrier,3,5,3,2,2,3,4,3,4,3,2,3,3,1,1,5,5,3,1,4,3,4,1,5,5,4,4,5,5,5
Azawakh,3,5,2,3,3,1,5,3,4,2,3,2,3,3,1,5,3,3,3,3,3,3,3,4,1,2,4,3,2,3
Barbet,3,3,2,3,1,4,4,4,5,4,4,3,2,2,1,1,4,3,3,3,4,4,2,3,3,3,3,5,3,4
Basenji,4,5,4,3,4,1,4,5,5,5,4,5,3,1,5,5,2,2,2,4,1,4,5,5,1,5,5,5,1,2
Bassador,3,2,2,3,3,4,4,3,3,3,3,3,4,5,4,3,3,3,4,3,2,3,2,4,3,3,4,3,2,3
Basset Fauve de Bretagne,3,4,4,3,3,3,1,4,5,4,4,3,3,2,1,4,5,1,2,3,3,5,3,3,2,1,4,4,2,3
Basset Hound,3,5,4,4,3,2,2,5,5,5,5,5,4,4,4,5,1,5,2,4,2,4,3,5,4,5,2,2,2,2
Basset Retriever,3,3,3,2,2,4,4,4,4,4,3,4,3,2,2,4,4,4,3,4,4,5,3,5,2,4,4,4,2,4
Bavarian Mountain Scent Hound,2,2,3,2,2,2,3,4,5,4,3,2,3,1,2,3,4,2,3,3,3,4,2,4,2,2,4,4,2,4
Beabull,3,4,3,4,4,2,2,4,5,5,4,3,4,4,3,5,3,4,3,4,3,3,4,4,4,4,3,3,4,5
Beagle,3,4,3,4,1,2,4,5,5,5,5,5,3,3,1,4,1,5,2,4,1,4,3,5,5,5,4,4,5,5
Beaglier,3,5,4,4,1,2,3,5,5,5,5,5,3,3,1,4,2,5,2,3,2,4,3,3,4,4,4,3,3,5
Bearded Collie,3,3,4,4,2,4,3,5,5,4,5,4,3,4,1,2,3,4,3,4,5,4,3,3,3,5,4,4,4,5
Bedlington Terrier,4,4,4,3,3,4,3,5,5,4,4,5,3,5,1,1,4,3,3,4,3,5,4,5,3,4,4,4,2,5
Belgian Malinois,3,1,3,5,3,4,4,4,5,4,2,3,3,2,1,5,4,2,4,4,5,5,3,4,2,3,5,5,4,5
Belgian Sheepdog,4,3,3,5,3,4,3,5,4,5,5,4,3,5,1,3,3,2,4,4,5,5,2,5,1,4,5,5,3,5
Belgian Tervuren,3,3,3,5,1,4,3,3,4,3,3,3,3,4,1,3,3,2,4,4,5,5,2,2,5,4,4,5,3,5
Berger Picard,4,3,4,5,3,4,3,4,5,5,3,2,4,4,1,5,5,3,4,3,4,4,2,3,2,2,5,5,3,5
Bernedoodle,3,3,3,4,2,5,3,4,5,5,4,3,3,1,2,3,4,3,3,4,4,5,4,3,3,3,3,4,3,5
Bernese Mountain Dog,2,1,2,4,1,5,1,5,5,5,3,5,4,5,4,3,1,4,5,4,4,4,5,5,4,3,3,4,3,4
Bichon Frise,4,5,5,5,1,3,4,5,5,4,4,5,2,2,1,1,4,4,2,3,5,4,3,4,2,2,3,5,3,5
Biewer Terrier,3,5,3,3,3,2,3,4,5,4,3,3,2,1,1,4,4,3,1,3,3,4,3,1,3,1,3,5,3,4
Black and Tan Coonhound,3,1,2,3,2,4,4,5,5,5,5,5,4,5,3,4,5,5,3,4,2,5,1,5,5,5,5,5,5,5
Black Mouth Cur,3,1,2,4,2,3,3,4,5,5,3,3,3,3,2,5,4,2,4,4,3,4,3,5,4,4,5,4,3,4
Black Russian Terrier,3,3,2,4,1,4,3,4,5,5,2,3,3,2,3,2,3,3,5,4,4,4,4,3,3,3,4,4,5,5
Bloodhound,3,1,2,4,2,3,3,5,5,5,5,5,3,4,5,1,3,3,4,4,3,4,5,3,4,5,5,5,4,3
Blue Lacy,3,1,1,4,2,4,5,3,4,3,2,2,3,3,2,5,4,2,3,5,5,5,4,5,5,4,5,5,5,4
Bluetick Coonhound,3,2,2,5,2,3,3,4,5,5,3,3,3,2,2,5,4,3,3,4,2,4,3,4,4,5,5,5,4,5
Bocker,4,5,3,5,1,3,4,4,5,4,4,4,3,3,1,3,3,4,2,5,4,4,4,5,5,5,4,4,3,4
Boerboel,2,1,1,3,2,3,4,3,4,4,2,2,4,3,4,4,4,3,5,3,2,4,3,3,3,4,4,3,4,4
Boglen Terrier,3,4,4,4,2,2,3,5,5,5,5,5,3,2,1,4,3,3,2,4,2,2,4,4,4,5,4,4,5,5
Bolognese,3,5,3,5,2,2,3,5,5,5,5,5,2,1,1,1,5,3,1,4,5,4,4,5,4,1,4,3,3,3
Borador,3,3,3,2,2,3,3,4,5,4,4,4,4,4,3,3,3,4,4,3,4,5,3,3,2,3,4,4,3,5
Border Collie,3,2,2,5,1,4,4,4,5,4,3,5,3,3,1,3,2,3,3,4,5,5,3,3,2,3,5,5,3,5
Border Sheepdog,3,2,3,2,2,4,2,4,5,4,3,3,3,3,1,3,4,2,3,4,4,5,4,3,4,2,5,5,3,4
Border Terrier,3,4,3,3,1,4,3,4,5,4,2,5,3,3,1,2,4,5,2,4,3,5,5,5,1,4,5,4,4,5
Bordoodle,4,4,4,3,3,4,4,4,4,5,3,2,3,2,2,4,4,3,3,3,4,5,3,2,2,3,3,3,2,4
Borzoi,4,5,3,5,1,4,3,4,4,3,4,4,4,5,1,4,4,2,5,4,3,4,3,5,2,4,2,2,2,3
BoShih,3,5,4,3,1,2,2,3,4,2,3,4,3,2,1,5,3,3,2,2,2,3,1,1,2,2,3,3,2,5
Bossie,3,2,2,3,5,3,3,4,4,4,4,4,3,2,1,3,3,3,3,4,4,4,3,3,3,5,5,4,4,5
Boston Boxer,3,4,3,3,2,3,3,4,4,4,4,2,4,3,3,4,4,4,3,3,3,4,3,3,3,2,4,4,3,5
Boston Terrier,4,5,4,5,3,3,2,5,4,5,5,4,3,2,1,5,4,3,2,3,4,4,2,2,3,5,4,4,5,5
Bouvier des Flandres,3,3,2,4,2,4,2,4,5,5,2,2,3,1,1,2,3,4,4,3,5,4,2,2,4,2,4,4,5,4
Boxer,3,4,3,4,1,2,1,4,5,4,3,4,3,4,2,5,2,4,3,3,4,4,2,3,3,3,5,5,5,5
Boxerdoodle,3,1,3,3,2,3,3,4,4,3,4,3,3,2,2,3,3,4,3,3,4,4,2,3,2,4,4,4,4,5
Boxmatian,2,1,2,3,2,2,4,3,4,3,2,1,4,3,2,3,5,4,5,4,3,4,4,3,3,4,5,5,4,4
Boxweiler,3,2,3,4,2,3,2,4,5,4,4,2,3,3,2,3,3,4,4,3,4,4,2,2,3,1,4,4,3,4
Boykin Spaniel,3,1,3,4,3,3,4,4,5,5,4,3,3,4,1,1,2,4,3,4,4,4,4,2,3,4,5,5,5,4
Bracco Italiano,3,1,2,4,3,3,3,4,5,4,5,3,3,3,2,5,2,3,4,3,3,4,2,5,2,3,5,4,4,4
Braque du Bourbonnais,2,1,3,3,2,2,3,4,5,4,4,4,3,2,1,4,4,1,3,3,4,4,3,4,3,2,5,5,2,3
Briard,3,3,3,4,3,4,3,4,4,5,5,2,2,1,1,1,3,3,4,4,4,4,2,3,4,5,4,4,4,4
Brittany,3,1,3,5,1,4,3,5,5,5,5,4,4,3,5,3,4,3,3,4,3,5,3,5,3,4,5,5,3,5
Broholmer,3,2,4,3,3,3,3,4,5,4,3,3,4,3,2,4,4,3,5,3,4,4,3,2,3,2,3,3,3,3
Brussels Griffon,3,5,2,5,1,1,2,4,5,4,4,3,3,3,3,3,3,3,1,3,3,4,3,1,4,5,4,5,3,5
Bugg,3,5,4,3,2,2,3,3,4,3,2,3,3,2,2,4,4,4,2,3,3,4,4,3,4,2,2,4,3,4
Bull Terrier,3,4,4,5,2,1,4,5,5,5,4,5,3,3,1,5,4,5,2,4,5,4,4,4,1,5,5,4,5,5
Bullboxer Pit,2,1,2,3,2,2,2,3,4,4,2,2,4,4,4,4,4,4,3,4,2,4,4,5,4,3,5,5,5,4
Bulldog,3,5,4,4,3,1,1,4,5,4,2,5,4,3,5,5,4,5,2,2,3,2,2,2,4,1,3,2,3,4
Bullmastiff,3,3,2,4,2,4,2,4,5,5,4,3,4,1,5,5,2,5,5,3,3,3,3,3,4,3,3,2,4,5
Bullmatian,2,2,1,3,3,2,2,4,4,5,4,3,3,2,3,4,4,4,3,3,1,4,3,3,2,3,4,5,4,4
Cairn Terrier,4,5,4,3,1,4,4,5,5,5,4,4,3,3,1,5,4,3,1,4,2,5,3,4,4,3,4,5,4,5
Canaan Dog,4,4,4,4,3,3,5,3,4,2,3,2,3,4,1,5,5,2,3,3,5,4,3,3,3,2,3,4,3,4
Cane Corso,2,1,1,3,1,3,4,3,4,2,3,2,4,3,4,5,3,4,4,4,4,5,2,5,3,2,5,4,3,2
Cardigan Welsh Corgi,4,4,4,4,3,4,3,4,5,4,3,3,3,4,1,3,4,4,2,3,4,5,2,4,2,3,3,3,3,4
Catahoula Bulldog,2,1,1,2,3,1,5,3,4,3,2,1,3,1,1,5,4,3,4,3,2,3,4,5,3,3,5,5,5,4
Catahoula Leopard Dog,2,1,1,2,2,3,3,3,5,3,1,1,3,3,1,5,3,3,4,3,2,3,3,1,3,3,5,4,3,2
Caucasian Shepherd Dog,3,2,1,2,3,5,2,3,4,2,2,2,4,4,4,2,3,4,5,3,2,4,4,3,3,2,2,2,4,3
Cav-a-Jack,3,4,4,3,1,3,3,4,4,4,4,4,3,2,2,4,3,4,2,4,4,4,3,4,3,3,4,4,3,5
Cavachon,4,5,5,5,1,3,3,5,5,5,5,5,3,2,1,2,4,4,2,3,4,4,3,4,3,2,4,4,3,5
Cavador,3,3,5,4,2,3,3,4,5,5,4,3,3,3,2,4,4,4,3,3,4,4,2,3,3,3,4,4,3,5
Cavalier King Charles Spaniel,4,5,5,5,1,3,2,5,5,5,5,5,3,3,1,4,4,4,2,3,4,4,3,3,3,2,4,3,2,5
Cavapoo,3,3,3,3,2,4,3,5,5,5,4,4,3,2,1,3,3,4,2,3,4,4,3,3,2,3,3,3,2,5
Cesky Terrier,4,5,4,4,3,3,3,3,5,3,2,3,3,1,1,4,5,4,2,3,4,3,3,2,3,3,3,2,3,5
Chabrador,3,4,2,4,3,4,1,3,4,4,2,2,4,4,3,4,4,3,3,3,2,4,4,4,3,3,3,3,4,4
Cheagle,3,4,4,4,1,1,2,3,5,3,3,2,3,3,1,5,3,4,2,3,2,4,3,4,4,3,3,4,4,4
Chesapeake Bay Retriever,3,1,1,3,2,4,4,3,5,3,1,1,4,5,3,5,4,4,3,3,3,4,3,3,3,4,5,5,5,4
Chi Chi,3,4,2,4,2,2,3,3,3,3,2,3,3,2,1,4,4,4,2,3,3,4,3,3,4,2,3,4,4,4
Chi-Poo,4,5,5,5,4,2,3,4,5,5,3,3,2,2,1,3,2,3,2,4,5,5,3,3,3,3,2,3,2,4
Chigi,3,3,4,5,2,3,2,4,5,5,2,2,3,4,1,5,3,3,1,3,4,4,2,3,2,3,4,4,4,4
Chihuahua,3,5,4,5,1,1,2,4,5,5,2,2,2,2,1,5,2,3,1,3,4,4,3,3,3,2,1,3,2,4
Chilier,3,4,2,4,2,2,2,4,4,4,4,3,3,2,3,4,4,3,2,3,2,4,3,3,3,2,3,4,4,4
Chinese Crested,3,5,3,5,1,1,3,4,4,5,4,4,2,2,1,2,5,2,2,3,4,3,4,3,3,1,2,2,1,3
Chinese Shar-Pei,3,4,2,2,4,2,1,2,2,2,1,2,3,5,2,5,1,4,3,3,3,2,5,2,5,2,3,2,1,1
Chinook,3,4,1,5,1,5,4,5,5,5,5,4,3,5,1,2,4,3,4,3,4,5,3,2,2,2,3,3,3,4
Chipin,3,5,4,5,1,1,2,3,5,4,2,2,3,2,1,5,3,4,1,3,4,3,2,3,2,3,2,4,3,5
Chiweenie,3,5,3,4,2,1,4,3,4,2,3,2,3,1,1,5,3,4,1,3,2,4,2,3,5,2,4,4,2,5
Chorkie,3,5,5,5,1,1,2,3,4,3,3,2,2,2,1,3,3,2,1,3,3,3,2,2,4,2,3,4,3,5
Chow Chow,3,3,2,2,5,5,2,1,2,1,1,1,3,1,3,1,2,4,4,2,2,1,5,2,1,2,2,2,2,1
Chow Shepherd,3,3,2,4,2,5,4,3,3,3,2,2,3,5,2,1,3,2,4,3,3,3,3,3,2,3,5,5,4,4
Chug,3,5,3,3,3,2,3,4,5,4,3,3,3,4,2,4,4,4,1,3,3,3,3,2,2,2,3,4,3,4
Chusky,3,2,2,3,3,5,2,4,4,4,3,3,3,5,2,2,3,3,3,3,3,4,3,3,4,2,4,4,3,4
Cirneco dellâ€™Etna,3,4,3,3,3,3,3,4,5,5,4,3,3,2,1,4,5,2,3,3,3,3,2,4,3,1,3,4,2,4
Clumber Spaniel,4,5,5,4,2,5,2,4,5,3,4,3,4,5,5,1,2,5,3,4,4,3,5,5,1,4,2,3,1,5
Cockalier,3,4,4,4,2,2,2,4,5,5,4,3,3,2,1,4,4,3,2,3,4,4,2,3,2,2,4,4,2,5
Cockapoo,4,4,5,4,3,4,4,5,5,4,5,4,2,1,1,3,2,3,2,3,4,4,2,3,2,3,3,3,3,5
Cocker Spaniel,4,5,3,5,1,4,3,4,5,3,4,3,3,3,1,1,4,4,2,4,5,4,4,5,3,4,3,4,2,4
Collie,4,3,4,5,2,4,3,5,5,5,4,4,3,5,1,2,3,3,3,3,4,4,3,4,4,1,3,3,2,4
Corgi Inu,3,4,3,3,3,4,2,3,3,3,3,2,3,5,2,2,3,3,2,3,4,4,3,3,3,2,4,4,3,4
Corgidor,3,3,2,4,3,3,3,4,5,4,3,4,4,5,2,4,4,4,3,3,4,5,3,3,2,3,4,5,3,5
Corman Shepherd,3,2,2,3,3,4,3,4,4,4,4,3,3,5,2,3,3,4,3,3,4,5,3,3,3,2,4,4,3,4
Coton de Tulear,4,5,4,5,1,3,3,5,5,5,5,5,2,1,1,2,5,3,1,3,3,4,3,1,2,3,3,3,2,5
Curly-Coated Retriever,3,1,3,3,3,4,4,4,5,5,4,3,3,3,2,3,2,3,3,4,4,5,5,5,3,4,4,5,3,5
Dachsador,3,4,2,3,2,3,3,4,4,4,3,4,3,2,1,4,4,4,2,3,3,4,2,4,2,4,4,4,3,4
Dachshund,3,5,4,4,3,1,3,3,4,5,3,1,3,3,1,3,2,5,1,4,2,4,4,5,5,5,3,3,3,4
Dalmatian,3,2,3,4,3,3,4,4,5,4,4,3,4,5,1,5,4,4,3,3,4,4,2,2,2,4,5,5,4,4
Dandie Dinmont Terrier,3,4,4,3,2,3,3,4,5,4,3,3,2,3,1,2,3,4,1,3,2,3,3,4,2,3,2,3,3,4
Daniff,3,2,2,3,1,4,3,4,5,4,4,3,3,2,4,1,3,3,5,3,4,4,2,2,1,2,4,3,4,4
Deutscher Wachtelhund,3,3,3,2,2,4,3,4,5,4,4,3,3,3,2,3,5,2,4,3,4,4,3,4,3,2,4,4,3,4
Doberdor,2,1,1,3,2,2,4,3,3,3,3,1,3,1,2,4,4,4,5,3,1,4,3,4,4,4,5,5,4,4
Doberman Pinscher,3,3,3,5,2,1,4,3,5,3,1,3,4,4,4,5,1,3,4,3,5,5,2,1,1,2,3,3,3,5
Docker,3,3,2,4,2,3,3,3,5,3,3,2,3,3,2,3,3,3,2,4,3,4,5,5,4,5,3,3,3,4
Dogo Argentino,2,1,1,3,2,2,4,3,4,2,2,2,3,1,3,4,3,2,4,3,2,3,2,5,2,4,4,4,4,3
Dogue de Bordeaux,3,5,1,4,2,3,2,3,5,5,1,1,4,3,5,5,2,4,4,3,2,3,4,4,2,1,5,2,2,3
Dorgi,3,4,4,3,1,4,3,4,4,4,4,3,3,2,2,4,4,4,2,3,3,4,4,3,3,3,4,4,4,5
Dorkie,3,5,4,4,2,2,2,4,4,4,4,4,2,3,1,2,2,2,1,3,3,4,2,3,2,2,2,2,2,3
Doxiepoo,3,5,3,4,2,3,3,3,5,2,1,3,2,3,,3,2,4,2,4,3,5,3,4,5,4,4,4,4,5
Doxle,3,2,4,4,1,2,4,5,5,4,5,4,4,5,1,4,4,4,3,4,3,4,3,5,5,5,5,5,4,5
Drentsche Patrijshond,3,3,2,4,3,4,3,4,5,4,4,3,3,4,3,3,4,2,3,3,2,4,3,4,2,1,4,5,3,4
Drever,3,4,3,2,2,2,3,4,5,5,4,3,3,3,2,3,5,3,3,3,3,4,4,3,4,2,4,5,3,4
Dutch Shepherd,3,3,3,3,2,4,4,4,4,4,4,2,3,4,2,3,4,2,3,3,5,4,2,3,2,2,4,4,3,4
English Cocker Spaniel,4,5,4,5,1,4,3,5,5,5,5,5,3,3,1,3,4,5,2,4,4,5,3,5,4,4,4,5,3,5
English Foxhound,3,1,2,3,4,3,3,4,4,4,5,3,3,3,1,5,4,2,3,4,3,3,4,5,4,5,5,5,4,5
English Setter,3,1,3,4,1,4,3,5,5,5,5,5,3,3,2,3,3,5,3,4,3,5,4,5,4,5,5,4,2,5
English Springer Spaniel,3,1,3,4,1,3,4,5,5,5,5,4,3,3,1,2,3,3,3,4,5,5,3,5,3,4,5,5,3,5
English Toy Spaniel,3,4,4,4,1,2,2,4,5,1,4,4,3,5,2,4,2,3,2,3,3,3,4,4,3,2,2,3,3,4
Entlebucher Mountain Dog,3,1,2,4,3,4,2,4,5,5,3,2,3,3,1,5,3,3,3,4,3,4,4,4,5,3,5,5,4,5
Estrela Mountain Dog,3,1,3,2,3,4,3,4,5,5,3,2,3,4,3,2,4,3,4,3,4,5,2,1,3,1,3,3,3,3
Eurasier,3,4,3,2,1,4,3,4,3,5,4,2,3,4,3,3,4,2,4,2,4,4,2,1,2,1,3,3,2,3
Field Spaniel,3,1,3,4,1,3,4,5,5,5,4,4,3,3,1,4,3,4,2,4,5,5,3,4,2,5,5,5,3,5
Finnish Lapphund,4,4,4,4,2,5,2,5,5,5,5,4,3,3,1,4,4,4,3,4,5,5,4,4,3,4,4,5,5,5
Finnish Spitz,3,3,3,3,1,5,3,5,5,5,5,3,3,4,1,2,4,3,3,4,3,4,3,3,5,4,5,5,4,5
Flat-Coated Retriever,3,1,2,5,1,4,4,5,5,5,5,5,3,3,2,4,4,4,3,4,4,5,3,3,4,4,5,5,4,5
Fox Terrier,3,3,3,3,3,3,4,4,4,4,3,3,2,2,1,2,4,2,2,4,5,5,3,5,3,3,5,5,5,5
French Bulldog,3,5,5,3,1,2,1,4,5,4,4,4,3,3,1,5,2,4,2,3,4,3,3,2,3,2,2,3,4,5
French Spaniel,3,2,4,4,3,4,2,4,5,4,4,4,3,3,2,3,4,2,3,3,4,4,2,3,2,2,4,5,3,4
German Pinscher,3,3,3,4,3,3,4,3,5,3,2,2,3,3,1,5,4,3,3,4,4,5,3,5,3,4,5,5,3,5
German Shepherd Dog,3,3,2,5,2,4,3,4,5,5,2,4,4,5,1,5,4,2,4,4,5,5,5,4,4,2,5,5,5,5
German Sheprador,3,2,1,5,2,4,4,5,5,5,4,4,4,5,2,5,3,3,4,4,5,5,5,3,2,2,5,5,5,5
German Shorthaired Pointer,2,1,2,4,1,2,4,4,5,5,4,3,3,2,2,5,3,3,3,5,5,5,4,5,3,5,5,5,3,5
German Spitz,3,4,2,3,3,3,2,4,5,4,3,3,3,4,1,2,4,4,1,4,2,4,4,5,4,2,4,5,3,4
German Wirehaired Pointer,3,2,3,4,2,3,4,3,5,3,3,2,3,2,2,4,4,3,4,4,4,5,4,4,3,5,5,5,4,5
Giant Schnauzer,2,1,1,4,2,4,2,3,5,3,3,2,3,4,1,2,4,3,4,4,5,4,3,4,4,4,5,5,2,5
Glen of Imaal Terrier,3,4,2,3,3,3,4,4,5,5,2,3,3,1,1,5,5,3,1,4,4,4,3,5,4,3,4,4,5,4
Goberian,3,1,2,3,2,5,2,4,4,4,4,2,3,2,1,5,4,4,4,3,2,5,3,4,2,4,5,5,4,4
Goldador,4,2,4,3,4,5,4,5,5,5,5,5,3,3,2,4,4,3,4,3,4,5,2,1,1,4,5,5,5,5
Golden Cocker Retriever,3,1,4,4,1,2,4,4,5,4,4,3,3,4,1,4,4,4,3,3,4,4,2,2,3,4,4,5,2,5
Golden Mountain Dog,2,1,2,2,2,5,1,4,5,5,4,3,4,4,4,2,3,4,5,3,4,4,2,2,3,4,5,4,2,5
Golden Retriever,3,2,3,5,1,3,3,5,5,5,5,5,4,5,4,2,2,5,3,4,5,5,5,3,3,2,5,5,2,5
Golden Shepherd,3,2,2,5,1,5,4,5,5,5,3,5,3,5,2,2,3,3,5,4,5,5,5,3,3,2,5,5,3,5
Goldendoodle,3,1,4,4,3,3,3,5,5,5,5,4,3,2,1,4,3,3,4,3,4,5,1,1,3,3,5,4,3,5
Gollie,3,1,4,3,2,3,3,5,5,5,4,4,3,4,2,3,3,4,3,3,4,4,2,2,2,4,4,5,3,5
Gordon Setter,3,2,3,4,1,4,3,3,5,3,2,3,3,5,3,2,4,3,3,4,5,5,3,4,5,4,5,5,2,5
Great Dane,2,1,1,5,1,2,3,5,5,5,5,5,4,5,4,5,4,2,5,3,5,3,2,3,4,3,5,5,5,5
Great Pyrenees,3,1,1,4,3,5,3,4,5,4,4,3,4,5,2,4,2,4,5,4,1,4,2,5,5,5,5,5,5,4
Greater Swiss Mountain Dog,3,1,2,4,3,5,1,5,5,5,5,3,3,3,1,5,2,4,5,3,3,3,3,4,4,3,3,5,4,5
Greyhound,3,4,2,5,1,1,5,5,5,5,4,5,5,4,5,5,4,5,4,4,5,5,4,5,2,5,5,5,3,4
Hamiltonstovare,3,3,2,4,3,3,3,4,5,4,3,3,3,1,1,4,4,3,3,3,3,4,2,5,3,2,4,5,3,4
Hanoverian Scenthound,3,2,1,4,3,3,3,4,5,5,4,3,3,2,1,4,4,3,4,3,2,4,2,4,3,2,4,4,3,4
Harrier,3,1,3,2,3,3,4,5,4,5,5,5,3,3,1,5,5,3,3,4,2,4,3,4,4,5,5,5,4,5
Havanese,4,5,5,4,1,3,4,5,5,4,5,5,2,2,1,1,3,4,2,3,5,4,3,4,2,2,3,3,2,5
Hokkaido,3,3,2,2,3,5,2,4,4,4,3,3,3,4,2,1,5,3,3,3,3,4,3,4,3,3,3,3,2,3
Horgi,3,2,2,4,2,4,3,5,5,5,4,5,3,4,2,3,3,3,2,4,4,4,4,4,3,3,4,4,3,4
Huskita,3,2,1,4,1,5,3,3,5,2,2,3,3,4,3,1,4,3,4,4,2,3,3,4,5,5,5,4,4,5
Huskydoodle,3,2,2,3,2,4,3,4,4,4,4,3,3,3,2,3,4,4,3,3,3,5,3,4,2,2,5,5,4,4
Ibizan Hound,3,5,3,4,2,1,4,5,5,5,5,4,3,3,1,5,4,1,3,4,3,4,3,5,2,5,5,5,3,5
Icelandic Sheepdog,3,1,1,3,2,5,3,3,4,4,2,2,3,5,1,1,3,3,3,3,3,4,3,4,1,4,4,4,5,4
Irish Red and White Setter,3,1,3,4,1,4,3,4,5,4,4,4,2,3,1,3,2,2,3,4,4,4,4,3,3,4,5,5,5,5
Irish Setter,3,1,3,4,2,4,3,5,5,5,5,5,3,4,2,3,2,3,4,5,4,5,5,5,4,5,5,5,3,5
Irish Terrier,3,3,2,3,2,4,4,4,5,5,1,3,3,4,1,2,5,3,3,3,1,4,1,2,4,3,4,5,4,5
Irish Water Spaniel,3,3,2,4,3,4,4,5,5,5,4,5,2,1,2,3,2,3,3,4,5,4,3,5,4,3,5,5,3,4
Irish Wolfhound,2,1,2,3,2,4,2,5,5,5,5,5,3,3,1,3,1,3,5,3,3,4,3,5,1,3,4,2,2,4
Italian Greyhound,3,5,5,5,1,1,3,5,5,5,4,4,3,2,1,5,3,2,2,4,3,3,4,5,3,3,4,4,2,4
Jack Chi,3,4,2,3,3,2,4,4,4,5,4,3,3,2,2,5,4,4,2,3,2,4,2,4,2,4,4,4,4,5
Jack Russell Terrier,3,3,2,3,3,4,3,5,5,4,5,4,3,3,1,3,4,4,2,4,4,5,4,5,4,4,5,5,5,5
Japanese Chin,3,5,4,3,1,3,2,3,3,3,3,4,2,3,1,3,3,3,1,3,3,3,4,3,3,1,2,2,1,4
Japanese Spitz,3,4,4,3,2,4,3,4,4,5,4,2,3,3,1,4,3,2,2,3,4,4,2,2,4,2,3,3,2,4
Korean Jindo Dog,3,3,2,3,2,5,2,4,5,3,3,4,3,5,1,1,4,2,3,3,2,5,2,5,,5,5,4,4,4
Karelian Bear Dog,3,2,1,4,2,5,3,3,4,3,1,2,3,3,1,4,4,2,3,4,2,4,4,5,4,5,4,4,5,4
Keeshond,4,4,4,5,1,5,3,5,5,5,4,4,3,5,1,3,3,4,3,3,4,4,3,3,4,2,3,4,3,5
Kerry Blue Terrier,3,3,2,3,3,4,3,4,4,4,2,5,2,1,1,2,3,3,3,4,4,4,4,3,4,3,5,4,4,4
Komondor,3,2,1,4,1,4,3,3,5,3,1,1,3,3,2,2,2,3,4,4,4,4,3,2,5,4,4,2,1,4
Kooikerhondje,3,4,3,4,2,4,3,2,3,2,2,2,3,3,1,2,5,3,3,3,1,4,3,3,3,3,5,4,5,4
Kuvasz,3,1,1,5,1,5,2,2,5,1,2,1,4,4,3,4,4,4,5,2,2,4,1,1,3,3,5,4,4,4
Kyi-Leo,4,5,4,3,4,5,2,4,5,5,4,3,2,2,1,2,3,3,2,3,3,3,4,1,4,2,2,4,3,4
Lab Pointer,3,1,4,3,1,4,4,4,5,4,3,4,3,2,2,4,4,4,4,4,5,4,2,4,2,4,5,5,3,4
Labernese,3,2,4,4,1,4,2,4,4,5,4,3,3,4,3,3,2,4,4,3,3,4,3,3,2,4,4,4,2,5
Labmaraner,3,1,4,4,1,3,3,4,4,5,4,3,3,1,2,4,4,4,4,4,4,4,3,3,3,4,5,4,3,5
Labrabull,3,2,2,4,1,3,3,4,5,5,2,5,4,5,2,5,3,3,4,4,5,5,5,3,3,4,4,5,5,5
Labradane,3,1,2,3,2,4,4,4,5,5,4,3,4,2,3,4,4,4,5,3,3,4,2,3,1,3,4,4,2,5
Labradoodle,4,3,4,3,4,5,4,5,5,4,5,5,3,3,1,4,4,3,4,3,4,4,1,2,2,3,5,5,4,5
Labrador Retriever,3,1,3,5,2,3,3,5,5,5,5,5,4,5,3,5,3,5,4,4,5,5,5,2,4,3,5,5,5,5
Labrastaff,3,2,2,4,1,3,3,4,4,4,3,4,4,4,3,3,4,4,4,3,2,4,3,3,3,4,4,4,3,4
Labsky,2,2,2,2,2,5,1,4,5,4,3,3,3,4,2,2,3,4,4,4,4,5,3,4,4,4,5,5,4,5
Lagotto Romagnolo,3,2,4,3,3,4,3,3,3,3,3,3,2,1,2,1,4,3,2,3,4,4,2,4,3,3,4,4,2,4
Lakeland Terrier,3,4,3,3,2,4,4,4,5,4,3,3,3,2,1,2,5,3,2,3,2,4,1,4,2,3,4,5,4,4
Lancashire Heeler,3,2,2,3,3,3,3,3,4,3,3,2,3,3,1,4,4,4,1,3,3,4,2,2,2,4,3,4,4,4
Leonberger,2,1,1,4,2,5,1,4,5,4,3,2,4,5,3,4,1,4,5,3,2,3,4,4,3,2,4,4,4,4
Lhasa Apso,4,5,5,5,4,3,2,3,4,4,3,2,2,3,1,1,3,3,1,3,3,4,3,4,4,2,3,4,3,5
Lowchen,3,5,4,3,1,3,3,5,5,5,4,4,3,3,1,3,5,3,1,4,5,4,3,4,4,5,4,4,3,5
Maltese,3,5,5,4,1,1,3,4,5,3,4,2,2,2,1,2,3,3,1,3,4,4,3,4,2,1,2,3,3,4
Maltese Shih Tzu,3,5,5,3,3,2,2,3,4,3,3,3,2,1,1,2,2,3,1,4,4,3,4,5,4,1,3,3,2,3
Maltipoo,4,5,5,5,1,2,3,4,5,4,4,4,2,1,1,3,2,2,2,4,5,4,3,2,5,4,2,3,3,4
Manchester Terrier,3,5,3,3,3,1,3,3,4,3,3,3,3,3,1,5,2,4,2,3,2,4,2,4,4,4,4,4,4,4
Mastador,3,1,2,4,3,4,2,4,5,5,3,3,4,4,4,4,4,4,4,3,4,4,4,2,2,2,4,4,4,4
Mastiff,2,2,1,3,3,4,1,4,5,5,2,2,4,3,5,3,3,4,5,2,3,2,4,2,2,1,4,3,3,4
Miniature Pinscher,3,5,3,5,2,1,3,3,5,3,2,3,3,2,1,5,3,5,1,3,3,3,2,3,1,5,4,4,3,5
Miniature Schnauzer,4,4,3,4,5,4,4,4,5,3,3,3,2,2,1,2,3,4,2,4,5,4,2,4,3,3,5,5,3,4
Morkie,3,3,2,3,2,2,3,3,4,3,2,3,2,1,1,3,4,4,1,4,3,4,5,3,5,2,4,4,3,5
Mudi,3,2,4,4,2,3,3,3,4,2,2,2,3,3,1,4,4,2,2,4,5,4,3,4,4,4,4,4,2,4
Mutt,3,3,3,3,3,3,3,3,4,3,3,3,3,3,3,3,4,3,3,3,4,4,3,3,3,3,3,3,3,3
Neapolitan Mastiff,2,2,1,4,1,1,2,3,5,4,2,1,4,3,5,3,2,5,5,2,3,3,2,1,1,1,3,3,1,4
Newfoundland,3,1,3,4,1,5,2,5,5,5,4,4,4,5,5,2,1,4,5,4,5,4,3,4,4,3,3,3,1,4
Norfolk Terrier,4,4,5,4,3,4,4,5,5,4,5,4,3,1,1,4,5,5,1,3,5,4,2,1,3,4,4,4,4,5
Norwegian Buhund,3,3,3,3,4,5,2,4,5,5,3,3,3,3,1,2,4,3,3,3,4,3,3,2,4,4,5,4,4,5
Norwegian Elkhound,4,4,4,4,2,5,3,4,5,4,4,4,3,5,1,3,4,4,3,4,2,4,3,4,4,4,5,5,3,4
Norwegian Lundehund,3,1,1,3,2,5,3,5,5,5,5,5,3,5,1,4,3,3,3,3,4,5,3,2,1,5,5,4,4,5
Norwich Terrier,4,5,3,4,2,4,4,5,5,5,5,5,3,2,1,2,4,5,1,4,4,4,4,3,4,4,4,5,4,5
Nova Scotia Duck Tolling Retriever,4,5,3,3,2,4,4,5,5,5,4,4,3,3,1,5,4,4,3,4,4,5,4,5,4,3,5,5,3,5
Old English Sheepdog,4,5,4,4,2,4,2,4,5,4,4,4,3,1,4,1,4,4,4,3,3,4,2,3,1,2,4,4,3,4
Otterhound,3,1,4,2,5,4,3,5,5,5,5,4,3,4,1,2,4,3,4,4,2,4,3,5,2,5,5,5,4,5
Papillon,3,5,5,3,1,2,4,4,5,3,4,5,2,2,1,3,3,3,1,3,5,4,3,4,2,1,5,4,3,5
Papipoo,4,5,5,4,1,2,4,4,5,3,4,4,2,1,1,2,3,3,1,3,5,5,3,3,2,2,5,5,3,5
Peekapoo,4,5,5,4,2,3,2,4,5,4,4,3,2,2,1,2,3,4,1,3,3,4,4,3,4,1,3,3,2,4
Pekingese,3,5,4,2,3,4,1,3,5,2,2,2,2,4,1,1,2,3,1,4,3,4,3,5,4,3,2,2,1,3
Pembroke Welsh Corgi,4,4,4,4,3,4,3,4,5,4,3,5,3,5,1,4,3,4,2,3,5,5,2,3,2,2,4,4,3,4
Petit Basset Griffon Vendeen,3,4,3,3,3,4,3,5,5,5,5,5,3,4,1,2,3,4,2,4,1,4,3,5,5,5,5,5,4,5
Pharaoh Hound,4,4,4,5,2,1,5,5,5,5,5,4,3,2,1,4,5,3,3,4,3,4,4,5,4,4,4,2,3,4
Pitsky,2,2,1,4,1,3,3,5,5,5,3,5,3,4,2,3,4,2,3,4,3,3,4,3,4,4,5,4,4,5
Plott,2,1,1,4,2,2,4,4,4,3,5,3,3,2,1,5,5,3,3,4,4,3,3,5,1,5,5,4,4,3
Pocket Beagle,3,4,3,4,2,2,4,5,5,5,5,4,3,3,1,5,3,5,2,4,3,4,4,3,5,5,4,4,4,4
Pointer,2,1,1,3,1,2,4,5,5,5,5,5,3,3,1,5,3,3,3,5,5,5,5,5,3,5,5,5,5,5
Polish Lowland Sheepdog,4,4,2,4,3,4,4,4,5,4,3,3,2,1,1,1,4,3,3,3,4,4,3,3,2,3,4,4,3,4
Pomapoo,3,5,5,4,1,3,2,4,5,3,3,3,2,3,1,1,3,4,1,3,4,4,3,2,3,1,3,3,3,4
Pomchi,3,4,3,3,3,2,4,3,4,3,3,3,3,3,1,2,5,4,1,4,3,4,4,3,4,3,3,3,4,4
Pomeagle,3,4,4,4,1,3,2,4,5,3,3,3,3,4,1,2,3,4,1,3,3,2,3,3,5,4,3,4,3,4
Pomeranian,3,4,4,4,1,4,2,3,5,2,2,3,3,4,1,2,3,4,1,3,4,4,2,2,5,1,2,3,2,3
Pomsky,3,5,2,4,1,5,3,3,5,2,3,3,3,4,1,2,3,3,2,4,3,4,3,4,5,2,3,4,2,4
Poochon,4,5,5,5,1,3,4,5,5,5,4,4,2,1,1,1,3,4,2,3,5,4,3,3,2,2,4,4,3,5
Poodle,4,5,5,4,1,3,4,5,5,5,4,4,2,1,1,1,2,4,4,4,5,5,4,2,2,3,4,4,3,5
Portuguese Podengo Pequeno,3,5,4,3,3,2,3,4,4,4,4,4,3,3,1,4,4,2,1,4,4,3,3,4,4,3,3,5,3,3
Portuguese Water Dog,3,4,3,4,2,4,3,5,5,5,5,3,2,1,1,2,4,3,3,4,4,5,5,3,3,3,5,5,3,5
Pug,3,5,5,3,1,2,1,4,5,4,4,4,3,5,1,5,1,5,2,2,3,2,2,3,2,2,3,3,4,5
Pugalier,4,5,5,5,2,2,2,5,5,5,5,5,3,4,1,4,3,5,2,3,4,3,3,3,3,2,3,3,3,5
Puggle,4,4,5,3,3,3,3,5,3,5,5,5,3,3,1,5,4,5,2,3,2,3,3,2,4,5,3,3,2,3
Puli,3,4,1,4,2,4,3,4,5,5,5,2,2,1,1,1,5,3,3,4,2,4,3,4,4,5,5,5,5,5
Pyrenean Shepherd,3,5,2,4,1,4,3,4,5,5,2,2,2,3,1,3,2,3,2,3,2,4,3,4,5,2,5,4,5,5
Rat Terrier,3,5,3,4,3,1,4,4,4,5,3,4,3,4,1,5,4,3,1,3,5,4,2,4,1,4,4,5,4,5
Redbone Coonhound,3,4,2,5,2,3,2,4,5,5,4,3,3,2,4,5,3,3,3,4,3,4,4,4,4,5,5,4,4,5
Rhodesian Ridgeback,3,1,2,4,2,3,3,4,5,4,4,3,4,4,1,5,4,3,4,3,2,4,3,5,1,5,5,4,4,5
Rottador,3,3,2,5,1,4,3,4,5,4,3,3,4,4,4,5,2,5,4,4,4,5,4,3,4,3,5,5,5,5
Rottle,3,4,3,3,3,3,3,4,5,4,3,3,3,2,2,4,4,3,3,3,5,5,3,3,2,2,4,4,3,5
Rottweiler,2,2,1,4,1,2,3,4,5,4,2,4,4,4,4,5,2,5,3,4,4,5,3,4,4,2,4,4,4,5
Saint Berdoodle,3,2,5,3,2,4,3,5,5,5,5,4,3,3,1,4,4,3,4,3,4,4,3,3,3,3,3,3,3,3
Saint Bernard,3,3,2,4,1,5,1,5,5,5,5,5,4,4,5,2,2,4,5,2,2,4,3,1,1,2,2,3,2,4
Saluki,2,1,2,5,1,2,3,4,5,4,4,1,3,2,1,4,4,1,4,4,4,4,4,5,1,5,5,5,2,5
Samoyed,3,2,2,4,2,5,1,5,5,5,5,5,3,5,2,1,3,4,3,4,3,3,3,5,3,4,5,5,2,5
Samusky,3,2,3,3,2,5,3,4,4,5,4,4,3,4,2,2,3,4,4,3,3,5,3,3,2,4,4,5,3,5
Schipperke,3,4,4,4,3,3,2,3,4,5,2,2,3,3,1,5,4,5,1,3,2,4,3,2,4,5,5,5,3,5
Schnoodle,3,3,5,4,2,2,4,4,4,5,3,3,3,2,1,4,3,4,4,3,4,5,3,3,2,3,4,4,3,4
Scottish Deerhound,3,1,1,3,2,4,4,4,5,4,2,5,3,5,1,2,3,4,5,3,2,3,4,5,1,4,5,5,5,5
Scottish Terrier,3,4,2,4,3,4,3,4,5,4,4,4,2,2,1,2,4,3,2,3,1,4,3,3,4,5,4,4,4,4
Sealyham Terrier,4,4,4,4,2,4,3,4,4,4,4,3,3,4,3,1,5,3,2,3,3,4,2,2,2,3,4,4,2,4
Sheepadoodle,4,4,4,5,2,4,3,5,5,5,4,4,3,1,1,3,4,4,4,3,3,5,3,1,2,2,4,4,3,5
Shepsky,3,1,1,4,2,4,3,4,5,4,3,4,3,4,2,3,4,2,4,4,4,5,4,4,3,2,5,5,4,5
Shetland Sheepdog,3,2,3,5,2,4,3,5,5,5,4,5,3,5,1,2,4,3,1,3,5,5,1,3,1,2,4,4,2,4
Shiba Inu,4,5,4,3,5,4,3,3,4,3,3,3,3,4,1,4,3,2,2,4,2,4,4,3,4,4,3,4,2,3
Shichon,3,5,4,4,1,2,2,5,5,5,4,4,3,1,1,4,4,3,2,2,3,4,1,1,2,1,3,4,2,5
Shih-Poo,3,5,2,4,2,3,2,4,5,3,2,4,2,1,1,2,3,4,1,3,2,4,3,2,2,2,2,3,1,4
Shih Tzu,3,5,5,3,3,3,1,5,5,4,4,5,2,3,1,1,3,4,1,3,3,4,4,4,2,2,2,2,3,4
Shiranian,3,4,4,4,2,2,1,4,5,3,3,4,2,2,2,2,2,3,2,2,2,4,1,1,2,2,2,2,3,4
Shollie,3,1,2,3,2,4,4,3,4,4,3,2,3,4,2,3,3,4,4,4,4,4,3,3,3,4,4,5,4,4
Shorkie,3,5,3,3,1,2,2,3,4,3,2,3,2,2,1,4,2,3,1,3,2,3,2,4,4,3,2,4,3,5
Siberian Husky,3,2,1,4,1,5,3,5,5,5,5,5,3,3,3,2,4,2,3,4,2,3,4,3,5,5,5,5,3,5
Silken Windhound,4,4,4,4,2,4,4,4,5,4,3,4,3,2,2,4,4,2,3,4,5,4,3,5,1,4,4,4,2,5
Silky Terrier,3,5,3,3,3,1,4,3,4,3,2,3,3,2,1,4,4,3,1,4,4,4,2,5,4,3,3,4,4,4
Skye Terrier,4,4,4,3,2,4,4,4,4,4,2,5,3,3,1,3,5,3,2,4,2,4,3,4,4,4,3,3,4,4
Sloughi,3,4,2,4,3,2,3,4,5,5,4,3,3,3,1,5,3,2,4,3,3,4,3,5,2,3,5,5,3,3
Small Munsterlander Pointer,3,1,2,3,4,5,3,5,5,5,5,4,3,3,1,3,5,3,3,4,5,5,3,5,3,4,5,4,5,4
Soft Coated Wheaten Terrier,3,5,4,4,2,2,3,5,5,5,5,5,3,2,1,3,4,3,3,3,4,4,2,3,3,4,4,4,3,5
Spanish Mastiff,3,2,1,3,3,4,3,3,4,4,2,2,3,3,2,3,4,3,5,2,2,4,2,1,1,2,3,3,2,4
Springador,3,2,3,4,1,4,4,3,4,3,3,3,3,1,2,4,4,4,4,4,5,5,2,4,3,4,4,4,3,4
Stabyhoun,3,2,3,4,3,2,2,4,5,5,4,3,3,3,1,3,5,3,3,4,5,5,1,4,3,3,4,3,4,5
Staffordshire Bull Terrier,2,3,1,4,2,3,1,4,5,5,1,5,3,3,3,5,3,4,2,3,2,3,2,2,3,4,4,3,3,5
Standard Schnauzer,3,4,2,4,2,4,4,3,4,4,3,2,2,1,1,2,5,1,3,4,3,5,3,5,2,5,5,5,3,5
Sussex Spaniel,4,5,5,5,1,5,5,5,5,5,5,5,3,3,1,4,4,5,2,3,3,5,2,1,4,1,2,2,1,4
Swedish Vallhund,3,3,1,3,3,4,3,4,5,4,3,5,4,4,1,5,4,4,3,3,5,5,2,4,1,3,5,5,3,5
Terripoo,3,5,5,2,1,3,4,4,5,4,3,3,2,1,1,3,3,3,1,4,4,5,2,4,3,3,4,5,3,5
Tibetan Mastiff,3,1,1,5,1,5,2,4,5,5,5,2,3,2,2,4,3,4,5,3,1,5,5,3,2,3,2,4,2,5
Tibetan Spaniel,3,5,4,5,1,1,2,4,5,5,4,3,3,3,1,4,5,3,1,4,4,4,3,3,4,3,4,3,3,4
Tibetan Terrier,4,5,3,4,1,4,4,4,5,5,4,3,2,1,1,1,5,3,2,3,4,4,2,2,2,3,5,5,4,5
Toy Fox Terrier,3,5,3,4,1,2,3,4,5,4,3,3,3,4,1,5,5,2,1,4,3,4,2,5,4,4,5,5,4,5
Treeing Tennessee Brindle,2,1,2,3,2,3,3,4,4,4,4,3,4,4,3,5,4,3,3,3,3,4,3,4,1,1,5,4,4,3
Treeing Walker Coonhound,3,1,2,5,2,3,3,4,4,4,3,3,4,3,2,5,4,3,4,4,2,4,3,4,5,5,5,4,4,3
Valley Bulldog,3,4,3,4,2,1,1,4,5,4,3,4,4,4,3,5,3,4,4,3,3,3,2,3,4,1,4,4,4,4
Vizsla,3,1,3,5,1,1,4,5,5,5,5,5,3,2,1,5,4,2,3,4,5,4,4,2,5,5,5,5,4,5
Weimaraner,3,1,2,5,1,3,4,4,5,4,3,3,4,4,4,5,3,2,4,4,4,5,5,5,2,5,5,5,5,5
Welsh Springer Spaniel,4,4,4,5,1,4,4,4,5,5,4,3,3,3,1,4,4,4,3,4,5,5,3,3,5,5,5,5,4,4
Welsh Terrier,3,3,3,3,2,2,2,5,4,5,5,4,3,2,1,2,5,3,2,4,3,5,2,5,4,4,5,5,5,5
West Highland White Terrier,4,4,4,4,2,4,3,4,5,4,5,3,3,4,1,3,3,4,2,4,4,4,2,4,4,3,4,4,4,4
Westiepoo,3,3,4,4,1,3,3,4,4,4,4,4,3,1,1,5,4,4,2,4,4,4,3,4,3,3,4,4,4,5
Whippet,3,5,3,5,2,1,4,5,5,5,4,4,3,2,1,5,4,1,3,4,4,4,4,5,1,4,5,5,2,5
Whoodle,3,4,1,3,1,4,2,4,4,4,3,4,3,2,1,3,4,2,3,2,2,4,1,2,1,3,4,4,4,4
Wirehaired Pointing Griffon,3,1,3,4,1,4,3,5,5,5,4,5,3,1,1,3,4,3,3,4,5,5,3,4,4,4,4,5,3,5
Xoloitzcuintli,3,5,1,5,1,3,3,3,5,3,2,1,4,5,1,5,5,3,3,4,3,5,3,5,5,5,3,3,3,3
Yorkipoo,4,5,5,4,3,2,3,4,5,4,3,2,2,1,1,4,3,2,1,4,4,4,3,3,5,2,3,5,3,4
Yorkshire Terrier,3,5,4,5,2,2,2,3,4,2,3,2,2,2,1,1,4,2,1,3,3,3,2,2,3,3,4,5,4,5
